author,year,Isotropy,regularity_x,regularity_y,Le_rel,p_periodic,dimension,type,mtype,hassdf
this study,NaN,anisotropic,1.167979,0.8519616,19.3099437741937,0.419770479202271,2,nature,,1
this study,NaN,isotropic,0.6420482,0.3713722,25.6625788522665,0.735836625099182,2,nature,,1
this study,NaN,anisotropic,11.58581,8.595965,12.4039250547301,0.005,2,model,homogeneous,1
this study,NaN,anisotropic,1.633122,0.7480345,20.2926160018796,0.0181930661201477,2,model,homogeneous,1
koppel,2012,anisotropic,3.490695,2.106476,10.6308572758147,0.133962154388428,2,model,homogeneous,1
koppel,2012,anisotropic,4.155103,2.28651,9.74571827579611,0.005,2,model,homogeneous,1
kastner,2023,anisotropic,0.6882597,0.4876455,7.06010814903107,0.178502798080444,2,nature,,1
kastner,2023,isotropic,0.4845057,0.351035,16.834,0.954641461372375,2,nature,,1
kastner,2023,anisotropic,0.7780941,0.6930627,11.6127337031614,0.902318775653839,2,nature,,1
dunkerley,2018,anisotropic,0.5294763,0.5496788,26.4472448941199,0.594218134880066,2,nature,,1
dunkerley,2018,anisotropic,0.5084326,0.4612727,15.3799500799202,0.0144217610359192,2,nature,,1
dunkerley,2018,anisotropic,0.8429685,0.5331483,13.1696992057941,0.785338222980499,2,nature,,1
dunkerley,2018,anisotropic,1.297151,1.093731,34.3722866989434,0.271554350852966,2,nature,,1
meron,2021,isotropic,3.288686,0.5296351,6.2016964962429,0.005,2,model,homogeneous,1
siteur,2014,anisotropic,51.00529,NaN,48.6234639663207,0.005,1,model,homogeneous,1
juergens,2013,isotropic,0.3664828,0.7862356,19.3773107843278,0.005,2,nature,,1
white,1970,anisotropic,1.100129,0.4804103,12.5584948461813,0.244335830211639,2,nature,,1
roitberg,2017,isotropic,1.936926,0.4028095,7.08523926422879,0.119864404201508,2,model,homogeneous,1
roitberg,2017,isotropic,1.380333,1.042516,7.08789071087748,0.330571055412292,2,model,homogeneous,1
ambouta,1997,anisotropic,1.520656,0.8044469,14.2918249627789,0.801769018173218,2,nature,,1
ambouta,1997,anisotropic,1.162952,1.029526,12.3839701081341,0.919711768627167,2,nature,,1
ambouta,1997,anisotropic,1.440273,0.7221764,9.48602588847641,0.0545101761817932,2,nature,,1
deblauwe,2012,anisotropic,0.6378688,0.4876089,5.30904855406424,0.917548656463623,2,nature,,1
deblauwe,2012,anisotropic,0.5879604,0.5225129,5.30556654980137,0.005,2,nature,,1
deblauwe,2012,anisotropic,0.5542747,0.4124848,5.48332503442311,0.00770026445388794,2,nature,,1
deblauwe,2012,anisotropic,0.7795511,0.3855266,5.68425141703891,0.944299459457397,2,nature,,1
getzin,2016,isotropic,0.6735667,0.353601,50.7197282976928,0.687235355377197,2,nature,,1
getzin,2016,isotropic,1.254042,0.4970404,30.1237100782521,0.837290525436401,2,nature,,1
getzin,2016,isotropic,0.06905746,0.499725,0.885991658256195,0.304632842540741,2,nature,,1
getzin,2016,isotropic,1.460175,0.5541196,38.0976451932802,0.635113775730133,2,model,homogeneous,1
getzin,2016,isotropic,1.076617,0.7603359,11.1267252094207,0.0288917422294617,2,model,homogeneous,1
getzin,2016,isotropic,0.3205397,0.6761032,2.611301318693,0.786218047142029,2,nature,,1
hardenberg,2001,isotropic,3.157342,3.849302,6.202,0.0979609489440918,2,model,homogeneous,1
hardenberg,2001,isotropic,2.990206,4.928768,7.088,0.0891116261482239,2,model,homogeneous,1
hardenberg,2001,isotropic,2.401136,0.7454317,6.202,2.96831130981445e-05,2,model,homogeneous,1
hardenberg,2001,anisotropic,0.8431697,0.4399252,5.316,0,2,model,homogeneous,1
hardenberg,2001,anisotropic,2.885981,0.6507884,3.544,0,2,model,homogeneous,1
hardenberg,2001,anisotropic,4.675626,0.3912651,4.43,0,2,model,homogeneous,1
gilad,2007,isotropic,2.401903,5.533711,5.31596599018039,0.005,2,model,homogeneous,1
kefi,2014,isotropic,2.757219,0.4101729,7.08797149421854,0.005,2,model,homogeneous,1
kefi,2014,isotropic,3.455413,0.5112382,7.974,0.0244724750518799,2,model,homogeneous,1
kefi,2014,isotropic,1.485193,0.4339652,7.088,0.00376212596893311,2,model,homogeneous,1
saco,2007,anisotropic,2.844886,3.93968,5.31585609545117,0.005,2,model,homogeneous,1
gilad,2004,isotropic,1.385273,0.6139675,4.43,0.120628595352173,2,model,homogeneous,1
gilad,2004,isotropic,1.577616,0.5547805,4.42994186125738,0.104085505008698,2,model,homogeneous,1
gilad,2004,isotropic,2.161215,0.4088099,4.43,0.0755248665809631,2,model,homogeneous,1
gilad,2004,anisotropic,1.842432,0.5469656,3.54399392317723,0.005,2,model,homogeneous,1
gilad,2004,isotropic,1.819914,0.425284,3.54399616794707,0.005,2,model,homogeneous,1
yizhaq,2014,isotropic,2.593851,0.4593956,5.316,2.59280204772949e-05,2,model,homogeneous,1
yizhaq,2014,isotropic,1.085138,1.512749,4.43,0,2,model,homogeneous,1
yizhaq,2014,isotropic,1.990397,0.6549768,4.43,0.00904953479766846,2,model,homogeneous,1
yizhaq,2014,isotropic,1.569607,0.7051198,5.316,0.189842581748962,2,model,homogeneous,1
yizhaq,2016,isotropic,0.7542092,0.8423945,5.316,0.356720983982086,2,model,homogeneous,1
yizhaq,2016,isotropic,2.148661,0.8655551,5.316,0.00131356716156006,2,model,homogeneous,1
deblauwe,2011,anisotropic,4.518268,0.4124844,18.6996700485461,0.187299787998199,2,model,homogeneous,1
deblauwe,2011,isotropic,4.450541,0.4381649,10.911759581302,0.922153949737549,2,model,homogeneous,1
deblauwe,2011,isotropic,3.281604,0.4410394,10.149300717851,0.678214132785797,2,model,homogeneous,1
deblauwe,2011,isotropic,4.142309,0.4841684,9.15951931579072,0.936970174312592,2,model,homogeneous,1
deblauwe,2011,anisotropic,1.250218,0.4016388,3.26499501531433,0.000946700572967529,2,nature,,1
deblauwe,2011,isotropic,1.119925,0.3888344,5.316,0.292417287826538,2,nature,,1
deblauwe,2011,isotropic,0.6501268,0.4352978,3.544,0.337951421737671,2,nature,,1
deblauwe,2011,isotropic,1.112741,0.4804832,7.088,0.192047119140625,2,nature,,1
bennet,2022,isotropic,1.62431,0.4293422,7.08796535970509,0.149207532405853,2,model,homogeneous,1
bennet,2022,isotropic,2.280866,0.4247532,6.20185216347415,0.005,2,model,homogeneous,1
koppel,2008,isotropic,0.6113873,0.4900582,16.3410167428795,0.894465684890747,2,nature,,1
koppel,2008,isotropic,0.6623455,0.6044204,6.88042810226506,0.345626831054688,2,nature,,1
koppel,2008,isotropic,0.2330803,0.4513007,0.860053512783133,0.0735388994216919,2,nature,,1
koppel,2008,isotropic,0.2980904,0.9558442,9.46058864061446,0.005,2,nature,,1
koppel,2008,isotropic,0.9210107,0.4904317,5.316,0.074438750743866,2,model,homogeneous,1
gandhi,2020,anisotropic,0.6057659,1.265398,7.51084563567621,0.839675009250641,2,nature,,1
voullieme,2020,isotropic,1.680156,NaN,4.43,0.164471387863159,2,model,homogeneous,1
voullieme,2020,isotropic,3.070334,0.4627173,6.202,0.0100780725479126,2,model,homogeneous,1
voullieme,2020,isotropic,2.788781,0.5114821,7.088,0.000493884086608887,2,model,homogeneous,1
voullieme,2020,isotropic,2.590354,0.5761362,6.202,0.0370985865592957,2,model,homogeneous,1
voullieme,2020,isotropic,2.056253,0.4012325,6.202,0.00300359725952148,2,model,homogeneous,1
deblauwe,2008,isotropic,0.4201582,0.3857363,4.72965583421076,0.973497807979584,2,nature,,1
deblauwe,2008,isotropic,0.5033804,0.3586087,3.14944316642122,0.354466438293457,2,nature,,1
deblauwe,2008,anisotropic,1.802746,0.7369397,24.5875910544386,0.649689495563507,2,nature,,1
deblauwe,2008,isotropic,1.043006,0.2897876,12.9253498180428,0.501857995986938,2,nature,,1
deblauwe,2008,anisotropic,0.6407119,0.435023,9.05860227617841,0.657705903053284,2,nature,,1
eppinga,2019,anisotropic,3.600883,0.6192579,13.0791024689063,0.432566523551941,1,model,homogeneous,1
yizhaq,2021,isotropic,2.295442,0.8351888,5.31585049770262,0.00384843349456787,2,model,homogeneous,1
yizhaq,2021,isotropic,1.254469,0.5642714,5.31572563653708,0.697324752807617,2,model,homogeneous,1
dunkerley,2002,anisotropic,0.7001789,1.312448,11.1991412788696,0.385633289813995,2,nature,,1
garcia,2021,isotropic,0.8304164,5.778171,11.2377065006666,0.183121383190155,2,nature,,1
garcia,2021,isotropic,0.7901489,0.6852534,15.6727757038903,0.0559591054916382,2,nature,,1
garcia,2021,isotropic,0.6846499,0.5717531,17.3225415674578,0.418362021446228,2,nature,,1
garcia,2021,anisotropic,0.9255064,0.5154583,14.9741593622675,0.860139191150665,2,nature,,1
lejeune,2002,anisotropic,0.4799515,0.3199863,15.0347620454312,0.555509090423584,2,nature,,1
gilad,2007,isotropic,1.893349,0.457219,4.42995640637647,0.0930330157279968,2,model,homogeneous,1
gilad,2007,isotropic,2.064805,0.545711,4.43,0.0197485089302063,2,model,homogeneous,1
gilad,2007,isotropic,2.974145,0.4755144,5.3159482672855,0.005,2,model,homogeneous,1
gilad,2007,anisotropic,2.310238,0.4517889,2.65797254118048,0.005,2,model,homogeneous,1
gilad,2007,isotropic,1.746391,0.4696088,3.54397691267287,0.005,2,model,homogeneous,1
borgogno,2009,isotropic,7.440073,3.252377,19.491889189548,0.005,2,model,homogeneous,1
borgogno,2009,anisotropic,9.469815,0.5055434,10.6301045394869,0,2,model,homogeneous,1
borgogno,2009,anisotropic,1.373758,0.5384467,32.2675706956377,0.743805050849915,2,nature,,1
borgogno,2009,anisotropic,1.155498,0.475612,8.69283862027462,0.227061569690704,2,model,homogeneous,1
borgogno,2009,anisotropic,1.042653,0.4375658,14.1526417084874,0.99031400680542,2,model,homogeneous,1
borgogno,2009,anisotropic,0.5482247,1.00305,8.59695221848232,0.016836941242218,2,model,homogeneous,1
borgogno,2009,anisotropic,1.308926,0.3475877,20.4540614645966,0.938404500484467,2,nature,,1
borgogno,2009,anisotropic,0.9692417,0.5752696,17.9324485340579,0.789677619934082,2,model,homogeneous,1
borgogno,2009,anisotropic,0.9251724,0.5086397,44.1896871216841,0.0564246773719788,2,model,homogeneous,1
borgogno,2009,anisotropic,0.2934077,0.3955834,10.7333325284303,0.123771011829376,2,nature,,1
borgogno,2009,isotropic,0.954928,1.987707,40.1131964479815,0.0196359753608704,2,nature,,1
borgogno,2009,isotropic,0.8452991,1.418986,21.2943847423786,0.358305156230927,2,nature,,1
borgogno,2009,isotropic,0.7068815,0.7375801,11.060639801381,0.371773421764374,2,nature,,1
borgogno,2009,isotropic,1.046219,0.3924869,17.5610519093177,0.559090852737427,2,nature,,1
borgogno,2009,isotropic,0.6456667,0.5004256,16.573061621127,0.534636199474335,2,nature,,1
borgogno,2009,isotropic,0.4841249,0.5877006,10.868610479809,0.396052658557892,2,nature,,1
borgogno,2009,isotropic,0.6601769,0.4788615,23.360893099292,0.895782947540283,2,nature,,1
borgogno,2009,isotropic,0.2919009,0.5072019,5.19343389952237,0.603719770908356,2,nature,,1
borgogno,2009,isotropic,12.38081,0.5207037,19.4919725299515,0.005,2,model,homogeneous,1
hinz,2012,anisotropic,0.5291333,0.4658903,12.8324827204815,0.65567684173584,2,nature,,1
hinz,2012,anisotropic,1.289572,0.7211317,8.17351505430916,0.990104794502258,2,model,homogeneous,1
thiery,NaN,anisotropic,0.716301,22.86366,10.9472280045801,0.502254128456116,2,nature,,1
thiery,NaN,anisotropic,0.7282254,1.741984,4.13086081534904,0.005,2,model,homogeneous,1
thiery,NaN,anisotropic,1.139849,1.219925,4.93955263841874,0.005,2,model,homogeneous,1
thiery,NaN,anisotropic,1.308945,1.099522,5.30518378107129,0.005,2,model,homogeneous,1
thiery,NaN,anisotropic,1.62202,0.09411404,4.41174184631682,0.13718318939209,2,model,homogeneous,1
thiery,NaN,anisotropic,1.47416,NaN,4.36230798159793,0.363465011119843,2,model,homogeneous,1
thiery,NaN,anisotropic,1.200961,0.3828861,4.42627339006932,0.258298516273499,2,model,homogeneous,1
wang,2009,anisotropic,2.244315,0.5129221,6.18802140625964,0.1164191365242,2,model,homogeneous,1
wang,2009,anisotropic,1.991603,0.4800526,6.19646041531887,0.131238579750061,2,model,homogeneous,1
wang,2009,anisotropic,1.706824,0.394514,5.31565269771516,0.2948197722435,2,model,homogeneous,1
wang,2009,anisotropic,0.4010041,0.4964083,12.4017069941946,0.794591784477234,2,nature,,1
kabir,2022,isotropic,1.498833,0.5414767,3.54399360461852,0.005,2,model,homogeneous,1
kabir,2022,isotropic,1.645409,0.4890446,3.54383143469713,0.005,2,model,homogeneous,1
eppinga,2009,isotropic,1.088238,0.5046808,5.19858205654853,0.0337086319923401,2,model,homogeneous,1
eppinga,2009,isotropic,1.742743,0.5116723,18.1950371979199,0.0303696393966675,2,model,homogeneous,1
eppinga,2009,isotropic,0.5761304,0.3958821,5.1980733670835,0.78393030166626,2,model,homogeneous,1
eppinga,2009,isotropic,1.519701,0.3893271,11.2648663330788,0.800670266151428,2,model,homogeneous,1
eppinga,2009,anisotropic,1.567334,0.4034002,6.81283339582949,0.80630487203598,2,model,homogeneous,1
eppinga,2009,anisotropic,9.549649,0.5444093,25.6362109195757,0.005,2,model,homogeneous,1
eppinga,2009,anisotropic,0.2490632,1.255568,1.71032885505902,0.0750754475593567,2,model,homogeneous,1
eppinga,2009,anisotropic,3.568668,0.4496399,11.1151036649645,0.0470481514930725,2,model,homogeneous,1
liu,2014,anisotropic,0.3131705,0.3988989,7.88051675585547,0.575366139411926,2,nature,,1
liu,2014,anisotropic,0.7883137,0.4915847,5.14368538331498,0.005,2,model,homogeneous,1
liu,2014,anisotropic,1.276092,0.3491759,5.14088660294908,0.005,2,model,homogeneous,1
liu,2014,anisotropic,0.1482814,0.525534,1.74919477757493,0.00314569473266602,2,model,homogeneous,1
liu,2014,anisotropic,0,0.4036347,0,0.99045592546463,2,model,homogeneous,1
liu,2014,anisotropic,0.01818342,0.459393,0.885139052221091,0.005,2,model,homogeneous,1
page,2003,anisotropic,3.507978,0.4741576,3.4994302601592,0.18215149641037,1,model,homogeneous,1
hardenberg,2010,isotropic,1.3484,0.4354361,10.632,0.368823051452637,2,model,homogeneous,1
hardenberg,2010,isotropic,1.069265,0.4110453,7.974,0.189401745796204,2,model,homogeneous,1
hardenberg,2010,isotropic,0.4747892,NaN,5.316,0.436400294303894,2,model,homogeneous,1
hardenberg,2010,isotropic,0.478086,NaN,3.544,0.856887519359589,2,model,homogeneous,1
liu,2013,isotropic,0.2628359,1.311643,6.02898157441278,0.005,2,nature,,1
liu,2013,isotropic,1.390082,1.172817,7.96398260863068,0.238212943077087,2,model,homogeneous,1
liu,2013,anisotropic,0.2846584,1.334544,5.85969974107272,0.919130146503448,2,nature,,1
liu,2013,isotropic,1.076359,0.4611402,5.30757663183506,0.0853433012962341,2,model,homogeneous,1
liu,2013,isotropic,1.314261,0.4697351,7.07703901579993,0.387833774089813,2,model,homogeneous,1
liu,2013,isotropic,1.384795,0.312881,6.19311863656579,0.749313771724701,2,model,homogeneous,1
siteur,2022,isotropic,4.081139,0.5378076,15.0615005543144,0.0935826897621155,2,model,homogeneous,1
siteur,2022,isotropic,4.649768,0.5595458,15.0615005543144,0.0744845867156982,2,model,homogeneous,1
siteur,2022,isotropic,4.787751,0.7539514,15.0608767157893,0.104093074798584,2,model,homogeneous,1
siteur,2022,isotropic,1.79136,0.6167888,21.2624303169161,0.402154743671417,2,model,homogeneous,0
siteur,2022,isotropic,1.339272,0.4714882,13.289563796851,0.600622475147247,2,model,homogeneous,0
siteur,2022,isotropic,1.393914,0.4287073,11.5171497549962,0.779521405696869,2,model,homogeneous,0
rietkerk,2004,anisotropic,0.3175566,0.4100127,11.4957462758648,0.484461188316345,2,nature,,1
rietkerk,2004,anisotropic,0.1965966,0.4226008,7.43435770749337,0.344003677368164,2,nature,,1
rietkerk,2004,anisotropic,0.07213007,0.7957582,1.76117471066061,0.109983384609222,2,nature,,1
rietkerk,2004,isotropic,1.654752,0.5515622,3.54399588335353,0.0205562114715576,2,model,homogeneous,1
rietkerk,2004,anisotropic,1.585714,0.5866859,2.65674203974748,0.000650346279144287,2,model,homogeneous,1
couteron,2002,anisotropic,0.594633,0.7926424,12.0906252383663,0.0182546973228455,2,nature,,1
couteron,2002,anisotropic,0.07224887,0.6546264,1.77135152431295,0.997344613075256,2,nature,,1
couteron,2002,anisotropic,0.2030369,0.51315,5.30450296338653,0.74096691608429,2,nature,,1
couteron,2002,isotropic,0.84939,0.4270309,7.088,0.580806732177734,2,nature,,1
couteron,2002,anisotropic,0.7444668,0.4527323,12.0670393642653,0.590314209461212,2,nature,,1
couteron,2002,anisotropic,0.4763081,0.4026493,2.64014408037445,0.107565581798553,2,nature,,1
couteron,2002,anisotropic,0.7045438,0.5883937,3.52266250926172,0.912166833877563,2,nature,,1
couteron,2002,anisotropic,0.5228965,0.4494392,3.52725488870045,0.546299815177917,2,nature,,1
kondo,2010,isotropic,2.35004,0.6040953,9.74596492737352,0.0190073251724243,2,model,homogeneous,1
kondo,2010,isotropic,1.981862,0.4341039,7.97397110933726,0.686926662921906,2,model,homogeneous,1
kondo,2010,isotropic,2.561061,0.5412148,8.85996745953263,0.108339071273804,2,model,homogeneous,1
kondo,2010,isotropic,1.447595,0.5220304,5.31598034176265,0.273221254348755,2,model,homogeneous,1
kondo,2010,isotropic,0.8543562,0.4656269,3.54394829465666,0.287152647972107,2,model,homogeneous,1
zelnik,2013,anisotropic,1.166236,1.163557,1.62753525609445,0.005,1,model,homogeneous,1
zelnik,2013,anisotropic,1.60748,0.4355769,2.22404017889397,0.005,1,model,homogeneous,1
zelnik,2013,isotropic,4.801573,0.4914633,9.74590191441663,0.005,2,model,homogeneous,1
zelnik,2013,isotropic,4.903502,0.4545537,9.74590191441663,0.005,2,model,homogeneous,1
zelnik,2013,isotropic,5.862964,0.3731467,7.9737922556642,0.005,2,model,homogeneous,1
puigdefabregas,2005,anisotropic,0.5209802,0.391741,16.731196049418,0.867998361587524,2,nature,,1
puigdefabregas,2005,anisotropic,0.6817968,0.6959999,9.23766166841158,0.846989870071411,2,nature,,1
puigdefabregas,2005,anisotropic,0.7734266,0.4344296,9.14093479829559,0.072911262512207,2,nature,,1
koppel,2005,anisotropic,0.3541989,15.34893,11.0690571860087,0.88109302520752,2,nature,,1
koppel,2005,anisotropic,0.6867908,4.141181,4.05078595000458,0.00313520431518555,2,nature,,1
koppel,2005,anisotropic,0.9098717,1.895296,3.29167590619838,0.249724447727203,2,nature,,1
koppel,2005,anisotropic,0.3981983,3.429039,3.24956948835381,0.0785004496574402,2,nature,,1
koppel,2005,anisotropic,1.715919,6.851779,2.63519033973494,0.000529885292053223,2,model,homogeneous,1
rietkerk,2002,isotropic,0.1441868,0.4292672,0.885887756022043,0.983010768890381,2,nature,,1
rietkerk,2002,isotropic,0.9529575,0.4202153,14.176,0.253372251987457,2,nature,,1
rietkerk,2002,isotropic,1.902888,0.427893,7.97391301045752,0.199346482753754,2,model,homogeneous,1
rietkerk,2002,isotropic,2.091212,0.8059329,8.85939269082015,0.231283068656921,2,model,homogeneous,1
rietkerk,2002,isotropic,1.537453,0.5263115,7.97397850441226,0.0972192883491516,2,model,homogeneous,1
rietkerk,2002,anisotropic,1.409482,0.3473121,3.51358244088824,0.0190932154655457,2,model,homogeneous,1
rietkerk,2004,isotropic,1.492433,0.3826765,8.04930579800053,0.663587093353271,2,model,homogeneous,1
rietkerk,2004,isotropic,1.478941,0.4349672,13.7399430629876,0.674501836299896,2,model,homogeneous,1
rietkerk,2004,isotropic,1.607403,0.5998198,10.770828517169,0.772978782653809,2,model,homogeneous,1
rietkerk,2004,isotropic,1.275546,0.4050244,16.095366405868,0.817913711071014,2,model,homogeneous,1
rietkerk,2004,isotropic,1.155788,0.3553382,7.05605259504277,0.514492392539978,2,nature,,1
rietkerk,2004,isotropic,1.894476,0.517271,7.97350124778323,0.146562218666077,2,model,homogeneous,1
rietkerk,2004,isotropic,1.619273,0.6443391,7.97350124778323,0.496337354183197,2,model,homogeneous,1
rietkerk,2004,isotropic,2.203879,0.5730223,8.85944583087026,0.378805458545685,2,model,homogeneous,1
barbier,2006,isotropic,0.8303375,0.849865,11.206649305553,0.750722765922546,2,nature,,1
barbier,2006,isotropic,0.3249048,0.5403513,7.974,0.507557153701782,2,nature,,1
barbier,2006,isotropic,0.4149885,1.119778,6.202,0.61685574054718,2,nature,,1
barbier,2006,isotropic,0.2941255,0.3803283,0.885995383755399,0.0988562703132629,2,nature,,1
barbier,2006,anisotropic,0.4645413,0.6333195,4.89237643204019,0.609017014503479,2,nature,,1
dakos,2011,isotropic,3.118729,1.219023,7.088,0.180958390235901,2,model,homogeneous,1
dakos,2011,isotropic,3.380998,0.4368184,7.974,0.0325585007667542,2,model,homogeneous,1
dakos,2011,isotropic,2.686432,0.4169781,7.088,0.00113660097122192,2,model,homogeneous,1
valentin,1999,anisotropic,1.05512,0.39929,7.27972902717424,0.960753798484802,2,nature,,1
valentin,1999,anisotropic,0.8267516,0.5414774,6.86327824697547,0.276097774505615,2,nature,,1
sun,2022,isotropic,1.34017,0.5881262,5.28746502723603,0.131872951984406,2,model,homogeneous,1
sun,2022,isotropic,3.253798,2.307925,8.81357561566598,0.005,2,model,homogeneous,1
sun,2022,isotropic,1.916639,10.2846,7.0481815701566,0.0632480382919312,2,model,homogeneous,1
sun,2022,isotropic,2.608944,10.2846,7.93324438225677,0.254170119762421,2,model,homogeneous,1
pringle,2010,isotropic,0.6150176,2.215071,16.8036027690566,0.349938809871674,2,nature,,1
weerman,2010,anisotropic,0.3186228,NaN,23.7462286633,0.00877857208251953,2,nature,,1
weerman,2010,anisotropic,0.0807367,0.5395274,4.41113449785199,0.991452038288116,2,nature,,1
weerman,2010,anisotropic,0.1706824,0.7881193,5.31421773718515,0.398953974246979,2,nature,,1
heide,2010,anisotropic,0.3117703,0.9368491,19.2817681422467,0.63800036907196,2,nature,,1
heide,2010,anisotropic,0.8856742,1.252608,4.28965028840015,0.862948417663574,2,model,homogeneous,1
karig,2018,isotropic,0.292753,0.4854169,2.57907518120414,0.0394746065139771,2,nature,,1
karig,2018,isotropic,2.564378,0.4606338,4.42931118324586,0.005,2,model,homogeneous,1
karig,2018,isotropic,1.098979,0.5487844,7.97274158075811,0.347830474376678,2,model,homogeneous,1
siero,2015,anisotropic,13.15572,0.7380956,14.1759830504316,0,2,model,homogeneous,1
siero,2015,isotropic,9.380094,0.7127662,14.176,0,2,model,homogeneous,1
siero,2015,anisotropic,4.067385,0.5439078,11.4743951663165,0.0545315742492676,2,model,homogeneous,1
siero,2015,anisotropic,4.601447,0.5402829,9.73599848437828,0.005,2,model,homogeneous,1
siero,2015,anisotropic,8.807314,0.5447637,9.74590717066815,0.005,2,model,homogeneous,1
bonachela,2015,isotropic,0.5656441,0.5057802,14.2298586597363,0.42045259475708,2,nature,,1
bonachela,2015,isotropic,0.8024071,0.4196963,16.7474558894649,0.940542995929718,2,nature,,1
bonachela,2015,isotropic,0.05225202,0.4882406,0.771738423404742,0.747370719909668,2,nature,,1
bonachela,2015,isotropic,0.02963184,2.271431,1.40000912463937,0.548511207103729,2,nature,,1
bonachela,2015,isotropic,2.316665,2.913664,11.5174598993816,0.0882413983345032,2,model,homogeneous,1
bonachela,2015,isotropic,4.075966,0.9945834,12.404,0.145055174827576,2,model,homogeneous,1
